cartodb_id,the_geom,facility_latitude,facility_longitude,facility_name,facility_zip_code,field_1,incident_zip,norm_asma,hubdist,Asma_Cases
63,0101000020E6100000843D03F3727952C0C2B81B446B6C4440,40.843609,-73.911545,Bronx-Lebanon Hospital Center - Concourse Division,10457,3,10457,0.265434181,1.35E-06,890.00
121,0101000020E61000009D11A5BDC17752C0F241CF66D56F4440,40.879951,-73.880562,Montefiore Medical Center - Henry & Lucy Moses Div,10467,1,10467,0.280647007,2.96E-06,1786.00
143,0101000020E610000029AA84F5377B52C002965CC5E2684440,40.817661,-73.92421,Lincoln Medical & Mental Health Center,10451,2,10451,0.268211921,1.99E-06,1878.00
151,0101000020E610000004CBA2FBC47B52C060A7583508534440,40.655823,-73.944099,Kings County Hospital Center,11203,4,11203,0.283528755,2.20E-06,1057.00
197,0101000020E6100000E7FBA9F1D27552C03108AC1C5A6C4440,40.857388,-73.846741,Jacobi Medical Center,10461,0,10461,0.257389428,3.68E-06,920.00